Brand,Model,VAC,Powertrain,Segment,Energy consumption (Wh/km),Electric range (km),Battery capacity (kWh),Battery chemistry,Energy density (Wh/kg),Curb weight (kg),AH,BJ,CQ,FJ,GD,GS,GX,GZ,HA,HB,HE,HI,HL,HN,JL,JS,JX,LN,NM,NX,QH,SC,SD,SH,SN,TJ,XJ,XZ,YN,ZJ,Total_Registrations,Market,N_Countries,Battery_Chem_Code,CO2_g_km_EU,CO2_g_km_CN,Segment_Label
smart,smart精灵#1,JL7000BEV04,BEV,3,130.0,560.0,66.0,NCM-H,184.4,1800.0,250,580.0,385,102.0,344,40.0,101,75,324,352.0,59,159,18.0,126.0,11.0,256,71.0,34.0,10.0,7.0,7.0,711,308.0,1734.0,322.0,271,3.0,1.0,157,672,7490.0,CN,30,3,30.290000000000003,75.53,Medium
smart,smart精灵#1,JL7000BEV08,BEV,3,134.0,535.0,66.0,NCM-H,180.0,1770.0,199,532.0,380,146.0,320,40.0,125,119,337,301.0,58,243,16.0,136.0,22.0,373,100.0,48.0,10.0,7.0,6.0,789,351.0,2736.0,371.0,362,3.0,,184,581,8895.0,CN,30,3,31.222,77.854,Medium
阿维塔,阿维塔11,SC6491EBCBEV,BEV,5,180.3,555.0,90.38,NCM-H,180.0,2280.0,205,682.0,1540,224.0,476,33.0,95,122,239,347.0,111,143,5.0,195.0,4.0,169,115.0,3.0,,6.0,8.0,695,143.0,1580.0,256.0,156,13.0,1.0,123,665,8354.0,CN,30,3,42.0099,104.75430000000001,Executive
埃安,广汽AION Y,GAM7000BEVD0Q,BEV,3,138.0,500.0,64.17,LFP,143.0,1725.0,554,475.0,429,240.0,4332,28.0,260,147,856,518.0,597,822,1.0,342.0,25.0,315,184.0,228.0,28.0,28.0,38.0,156,188.0,1717.0,245.0,983,16.0,2.0,162,660,14576.0,CN,30,0,32.154,80.17800000000001,Medium
埃安,广汽AionS,GAM7001BEVA0L,BEV,3,129.0,510.0,61.1847,NCM-M,160.0,1640.0,151,173.0,600,123.0,2144,25.0,197,368,304,229.0,191,237,,164.0,5.0,218,73.0,240.0,14.0,13.0,24.0,968,132.0,271.0,327.0,196,13.0,1.0,184,695,8280.0,CN,30,2,30.057000000000002,74.949,Medium
埃安,广汽AionS,GAM7001BEVA0N,BEV,3,129.0,460.0,55.1862,LFP,140.19,1685.0,1162,854.0,3778,804.0,17632,169.0,1551,3375,2361,1419.0,1256,1471,5.0,1236.0,43.0,1344,479.0,1508.0,54.0,102.0,185.0,6993,1029.0,1416.0,1974.0,1388,108.0,10.0,1358,5861,60925.0,CN,30,0,30.057000000000002,74.949,Medium
埃安,广汽AionV,GAM6460BEVC0K,BEV,4,153.0,500.0,71.145,LFP,141.0,2040.0,36,291.0,100,84.0,1091,6.0,42,19,214,73.0,84,235,1.0,90.0,3.0,38,22.0,34.0,2.0,8.0,9.0,101,104.0,294.0,59.0,83,3.0,,52,91,3269.0,CN,30,0,35.649,88.893,Large
埃安,广汽AionV,GAM6460BEVC0T,BEV,4,148.0,600.0,80.0,NCM-H,173.0,1960.0,68,453.0,82,79.0,1026,8.0,95,23,218,96.0,78,280,1.0,90.0,6.0,51,19.0,28.0,4.0,2.0,7.0,116,106.0,362.0,24.0,113,5.0,,30,81,3551.0,CN,30,3,34.484,85.988,Large
奥迪,奥迪Q4 e-tron,FV6469AABEV,BEV,4,144.0,605.0,84.8,NCM-H,165.0,2160.0,281,1345.0,375,122.0,302,110.0,184,109,712,282.0,155,317,51.0,299.0,738.0,409,129.0,366.0,52.0,96.0,15.0,1050,264.0,2084.0,420.0,254,41.0,2.0,283,488,11335.0,CN,30,3,33.552,83.66399999999999,Large
宝马,宝马i3,BMW7000AAEV,BEV,5,143.0,526.0,69.9527,NCM-M,138.0,2029.0,817,2600.0,1339,377.0,1602,121.0,365,388,1050,1133.0,389,323,116.0,975.0,212.0,1231,446.0,670.0,110.0,112.0,57.0,2253,664.0,4548.0,1146.0,771,161.0,4.0,534,2621,27135.0,CN,30,2,33.318999999999996,83.083,Executive
宝马,宝马X3,BMW6475ACEV,BEV,4,167.0,550.0,80.0,NCM-M,154.0,2190.0,334,984.0,542,151.0,639,61.0,156,160,395,503.0,139,119,40.0,419.0,74.0,511,197.0,219.0,50.0,48.0,26.0,1036,249.0,1806.0,494.0,269,63.0,2.0,192,1021,10899.0,CN,30,2,38.911,97.027,Large
宝马,宝马X3,BMW6475ADEV,BEV,4,169.0,535.0,80.0,NCM-M,154.0,2190.0,263,1171.0,403,133.0,579,39.0,150,122,320,393.0,124,144,51.0,388.0,63.0,488,193.0,261.0,39.0,36.0,18.0,778,243.0,1839.0,375.0,297,60.0,2.0,168,931,10071.0,CN,30,2,39.377,98.18900000000001,Large
北汽新能源,EU系列,BJ7000C5EB-BEV,BEV,3,158.0,305.0,44.8167,LFP,142.41,1543.0,78,13791.0,625,371.0,2350,,6,325,24,700.0,56,34,,195.0,3.0,7,331.0,71.0,,91.0,30.0,599,112.0,57.0,1053.0,570,55.0,,2382,1179,25095.0,CN,30,0,36.814,91.798,Medium
奔驰,奔驰EQB,BJ6471NBEV1,BEV,4,134.0,600.0,73.5,NCM-H,188.0,2072.0,98,345.0,194,54.0,198,13.0,51,51,153,165.0,59,50,,123.0,9.0,149,57.0,7.0,,,8.0,268,91.0,662.0,144.0,103,,,60,242,3354.0,CN,30,3,31.222,77.854,Large
奔驰,奔驰EQE,BJ7003NBEV2,BEV,5,144.0,717.0,96.1,NCM-H,172.53,2410.0,112,455.0,233,32.0,233,17.0,66,64,139,165.0,47,42,,129.0,16.0,144,66.0,3.0,,,9.0,243,84.0,702.0,198.0,93,,,104,279,3675.0,CN,30,3,33.552,83.66399999999999,Executive
奔腾,奔腾NAT,CA7007BEVB,BEV,4,132.0,419.0,54.956,LFP,140.0,1700.0,153,86.0,432,376.0,526,79.0,51,40,72,262.0,67,131,,94.0,152.0,140,55.0,38.0,15.0,105.0,3.0,531,112.0,63.0,109.0,160,1.0,1.0,101,153,4108.0,CN,30,0,30.756,76.69200000000001,Large
奔腾,奔腾NAT,CA7007BEVE,BEV,4,132.0,419.0,54.956,LFP,140.0,1700.0,271,139.0,397,379.0,431,109.0,85,45,92,327.0,134,192,2.0,87.0,180.0,207,134.0,70.0,19.0,166.0,1.0,695,254.0,94.0,124.0,247,1.0,,169,209,5260.0,CN,30,0,30.756,76.69200000000001,Large
本田,本田e:NS1,DHW7002RSBEV,BEV,3,138.0,510.0,65.4534,NCM-H,183.0,1692.0,9,13.0,41,8.0,27,7.0,9,40,78,63.0,2,17,3.0,8.0,2.0,6,3.0,12.0,3.0,7.0,,47,20.0,13.0,18.0,76,9.0,,15,387,943.0,CN,30,3,32.154,80.17800000000001,Medium
比亚迪,比亚迪e3,BYD7002BEVA9,BEV,3,114.0,420.0,41.0223,LFP,140.0,1360.0,251,58.0,5,198.0,16,699.0,138,229,203,,1,3,1.0,6.0,1.0,5,72.0,231.0,1.0,31.0,16.0,11,347.0,77.0,2.0,7,,5.0,12,106,2732.0,CN,30,0,26.562,66.23400000000001,Medium
比亚迪,比亚迪海豹,BYD7006BEVA,BEV,5,126.0,550.0,61.44,LFP,140.5,1885.0,436,636.0,600,145.0,531,30.0,185,150,400,527.0,98,138,19.0,429.0,49.0,534,243.0,100.0,49.0,76.0,14.0,691,141.0,2941.0,344.0,266,23.0,5.0,148,763,10711.0,CN,30,0,29.358,73.206,Executive
比亚迪,比亚迪海豹,BYD7006BEVA2,BEV,5,130.0,700.0,84.63,LFP,147.9,2015.0,315,682.0,408,135.0,418,16.0,170,123,342,355.0,57,97,18.0,311.0,26.0,407,168.0,66.0,31.0,59.0,17.0,660,132.0,2482.0,241.0,200,32.0,3.0,160,678,8809.0,CN,30,0,30.290000000000003,75.53,Executive
比亚迪,比亚迪海豚,BYD7004BEV1,BEV,3,110.0,405.0,44.928,LFP,140.0,1405.0,4083,2941.0,3409,1079.0,2160,272.0,2532,1552,6496,3665.0,2373,1080,259.0,2460.0,383.0,4220,2094.0,1461.0,837.0,740.0,175.0,3911,2246.0,13289.0,3020.0,5018,330.0,29.0,1102,4354,77570.0,CN,30,0,25.63,63.910000000000004,Medium
比亚迪,比亚迪海豚,BYD7004BEV2,BEV,3,113.0,401.0,44.928,LFP,140.0,1450.0,152,217.0,212,51.0,112,22.0,118,68,285,150.0,103,49,33.0,120.0,10.0,162,93.0,85.0,52.0,25.0,14.0,196,124.0,595.0,134.0,225,19.0,,70,161,3657.0,CN,30,0,26.329,65.653,Medium
比亚迪,比亚迪海豚,BYD7004BEV6,BEV,3,105.0,420.0,45.12,LFP,140.56,1435.0,701,407.0,592,164.0,308,46.0,402,286,1324,675.0,357,152,35.0,440.0,57.0,808,344.0,200.0,120.0,99.0,32.0,725,298.0,986.0,675.0,699,78.0,15.0,181,608,11814.0,CN,30,0,24.465,61.004999999999995,Medium
比亚迪,比亚迪汉,BYD7009BEV1,BEV,5,141.0,605.0,77.0,LFP,140.0,2020.0,404,1417.0,629,95.0,750,37.0,152,201,310,417.0,174,344,19.0,351.0,58.0,360,145.0,124.0,31.0,67.0,9.0,1063,217.0,1855.0,567.0,203,31.0,5.0,174,577,10786.0,CN,30,0,32.852999999999994,81.92099999999999,Executive
比亚迪,比亚迪汉,BYD7009BEV2,BEV,5,139.0,506.0,65.0,LFP,140.0,1940.0,665,1632.0,814,194.0,873,41.0,245,239,446,585.0,324,493,33.0,608.0,97.0,504,220.0,204.0,51.0,75.0,22.0,1190,225.0,2776.0,758.0,231,42.0,1.0,224,816,14628.0,CN,30,0,32.387,80.759,Executive
比亚迪,比亚迪汉,BYD7009BEV5,BEV,5,149.0,610.0,85.44,LFP,150.0,2250.0,288,798.0,344,91.0,395,25.0,142,117,251,268.0,145,197,34.0,233.0,57.0,241,94.0,99.0,33.0,38.0,5.0,583,119.0,1282.0,366.0,122,27.0,2.0,113,362,6871.0,CN,30,0,34.717,86.569,Executive
比亚迪,比亚迪汉,BYD7009BEV6,BEV,5,135.0,715.0,85.44,LFP,150.0,2100.0,479,1451.0,567,125.0,589,25.0,188,165,356,460.0,201,369,29.0,407.0,64.0,374,190.0,136.0,27.0,42.0,19.0,963,187.0,2146.0,564.0,210,29.0,4.0,195,611,11172.0,CN,30,0,31.455000000000002,78.435,Executive
比亚迪,比亚迪秦PLUS,BYD7008BEVA8,BEV,3,123.0,500.0,57.195,LFP,140.0,1650.0,1326,1985.0,2181,667.0,1501,62.0,1084,1344,564,946.0,712,424,30.0,609.0,138.0,673,529.0,613.0,85.0,105.0,370.0,2638,424.0,3292.0,886.0,490,114.0,23.0,826,2159,26800.0,CN,30,0,28.659,71.463,Medium
比亚迪,比亚迪秦PLUS,BYD7008BEVA9,BEV,3,120.0,400.0,44.64,LFP,140.0,1580.0,1054,1311.0,1440,600.0,1171,45.0,968,819,392,656.0,602,510,20.0,462.0,83.0,593,378.0,532.0,49.0,42.0,244.0,1593,402.0,1665.0,529.0,352,76.0,11.0,540,1765,18904.0,CN,30,0,27.959999999999997,69.72,Medium
比亚迪,比亚迪元PLUS,BYD7003BEVA,BEV,3,122.0,430.0,49.92,LFP,140.0,1625.0,118,84.0,80,19.0,58,2.0,35,62,85,83.0,35,128,8.0,62.0,16.0,42,67.0,39.0,15.0,8.0,5.0,85,38.0,876.0,95.0,44,2.0,1.0,34,89,2315.0,CN,30,0,28.426,70.882,Medium
比亚迪,比亚迪元PLUS,BYD7003BEVA1,BEV,3,125.0,510.0,59.2875,LFP,150.0,1690.0,1966,5131.0,1914,836.0,1684,146.0,962,1102,1600,1662.0,736,2457,208.0,956.0,190.0,1426,686.0,898.0,211.0,243.0,350.0,1238,944.0,10405.0,1132.0,1475,113.0,22.0,816,2236,43745.0,CN,30,0,29.125,72.625,Medium
比亚迪,比亚迪元PLUS,BYD7003BEVA2,BEV,3,121.0,445.0,50.0759,LFP,150.0,1585.0,1472,3532.0,1485,699.0,1095,92.0,786,755,1366,1331.0,722,1823,174.0,903.0,167.0,1248,653.0,771.0,220.0,184.0,240.0,1039,773.0,7302.0,922.0,1596,98.0,13.0,558,1928,33947.0,CN,30,0,28.192999999999998,70.301,Medium
比亚迪,比亚迪元PLUS,BYD7003BEVA3,BEV,3,125.0,510.0,59.2875,LFP,150.0,1690.0,1064,3019.0,1076,511.0,1004,89.0,598,623,946,948.0,422,1324,136.0,578.0,118.0,902,429.0,489.0,139.0,136.0,179.0,704,577.0,6100.0,660.0,895,71.0,6.0,467,1322,25532.0,CN,30,0,29.125,72.625,Medium
比亚迪,秦,BYD7005BEVA8,BEV,3,122.0,450.0,51.057,LFP,140.0,1625.0,2050,50.0,1673,586.0,911,363.0,1189,513,1667,2421.0,1399,38,134.0,1450.0,44.0,2443,901.0,527.0,18.0,317.0,1101.0,2114,553.0,958.0,1035.0,353,36.0,9.0,282,354,25489.0,CN,30,0,28.426,70.882,Medium
比亚迪,秦,BYD7005BEVA9,BEV,3,118.0,405.0,44.4447,LFP,140.0,1531.0,265,6.0,261,76.0,138,70.0,731,85,167,371.0,397,2,22.0,282.0,3.0,1522,148.0,108.0,2.0,54.0,155.0,579,94.0,55.0,492.0,60,3.0,4.0,29,62,6243.0,CN,30,0,27.494,68.55799999999999,Medium
比亚迪,宋PLUS,BYD6470SBEV,BEV,4,141.0,505.0,72.0,LFP,140.0,1950.0,1019,6840.0,2324,866.0,1822,69.0,650,481,1518,1191.0,354,2995,80.0,929.0,136.0,1055,525.0,634.0,240.0,260.0,60.0,1621,679.0,10312.0,959.0,896,151.0,13.0,343,1371,40393.0,CN,30,0,32.852999999999994,81.92099999999999,Large
比亚迪,元Pro,BYD7003BEV10,BEV,2,129.0,401.0,50.12,LFP,140.0,1605.0,196,507.0,215,61.0,191,29.0,144,147,212,184.0,139,147,44.0,140.0,39.0,105,92.0,90.0,27.0,41.0,14.0,227,116.0,901.0,135.0,340,43.0,5.0,67,171,4769.0,CN,30,0,30.057000000000002,74.949,Small
别克,Velite6,SGM7008LKBEV,BEV,3,126.0,518.0,60.6992,NCM-M,163.0,1620.0,1422,461.0,384,253.0,684,33.0,178,262,338,793.0,211,131,13.0,283.0,100.0,1728,346.0,83.0,25.0,20.0,223.0,1399,496.0,6327.0,279.0,378,88.0,37.0,34,1641,18650.0,CN,30,2,29.358,73.206,Medium
别克,别克Electra E5,SGM6491BABEV,BEV,5,135.0,545.0,68.4,NCM-H,165.0,2075.0,223,841.0,236,88.0,188,49.0,53,56,202,250.0,86,132,49.0,123.0,33.0,278,67.0,194.0,34.0,47.0,14.0,260,260.0,3321.0,186.0,99,45.0,,54,203,7671.0,CN,30,3,31.455000000000002,78.435,Executive
传祺,广汽AionS,GAM7000BEVA0Q,BEV,3,129.0,460.0,55.1862,NCM-M,163.0,1575.0,233,208.0,500,118.0,2551,22.0,260,498,746,230.0,233,176,,191.0,6.0,323,77.0,307.0,12.0,13.0,32.0,1058,182.0,210.0,304.0,353,24.0,,169,869,9905.0,CN,30,2,30.057000000000002,74.949,Medium
传祺,广汽AionS,GAM7001BEVA0D,BEV,3,129.0,510.0,61.1847,NCM-H,170.0,1660.0,137,159.0,411,97.0,1547,20.0,147,288,268,165.0,149,194,2.0,136.0,7.0,160,62.0,162.0,7.0,12.0,20.0,704,105.0,227.0,268.0,177,16.0,,138,493,6278.0,CN,30,3,30.057000000000002,74.949,Medium
传祺,广汽AionS,GAM7001BEVA0E,BEV,3,131.0,602.0,73.3417,NCM-H,170.0,1750.0,79,193.0,303,82.0,1484,17.0,128,213,207,126.0,136,110,1.0,111.0,5.0,138,48.0,146.0,3.0,6.0,24.0,585,105.0,155.0,181.0,173,14.0,2.0,122,419,5316.0,CN,30,3,30.523,76.111,Medium
传祺,广汽AionV,GAM6460BEVC0J,BEV,4,149.0,500.0,69.9,NCM-H,166.0,1905.0,48,376.0,103,89.0,1190,13.0,66,31,247,102.0,107,342,,122.0,2.0,58,12.0,37.0,2.0,7.0,8.0,158,136.0,330.0,67.0,121,4.0,,43,122,3943.0,CN,30,3,34.717,86.569,Large
大众,大众ID.3,SVW7000AEV,BEV,4,139.0,430.0,57.3,NCM-H,170.0,1760.0,195,382.0,224,90.0,209,36.0,125,96,539,261.0,263,94,21.0,200.0,14.0,188,72.0,104.0,8.0,39.0,11.0,645,322.0,1770.0,227.0,597,25.0,,116,442,7315.0,CN,30,3,32.387,80.759,Large
大众,大众ID.3,SVW7000BEV,BEV,4,131.0,450.0,52.8,NCM-M,155.0,1760.0,719,1409.0,932,350.0,806,100.0,438,369,2078,1139.0,1025,292,77.0,834.0,47.0,786,268.0,354.0,22.0,121.0,39.0,2033,1145.0,7869.0,878.0,2535,83.0,1.0,511,1696,28956.0,CN,30,2,30.523,76.111,Large
大众,大众ID.4 Crozz,FV6465AABEV,BEV,4,146.0,405.0,55.7,NCM-H,165.0,1945.0,96,314.0,131,50.0,98,3.0,45,47,551,179.0,117,211,13.0,68.0,201.0,103,32.0,190.0,2.0,1.0,3.0,426,164.0,866.0,157.0,399,21.0,,86,169,4743.0,CN,30,3,34.018,84.826,Large
大众,大众ID.4 Crozz,FV6465BBABEV,BEV,4,143.0,600.0,84.8,NCM-H,165.0,2130.0,291,1171.0,350,187.0,310,8.0,115,99,1645,478.0,306,487,27.0,289.0,521.0,264,56.0,704.0,10.0,13.0,12.0,1299,498.0,2307.0,354.0,922,60.0,,268,432,13483.0,CN,30,3,33.318999999999996,83.083,Large
大众,大众ID.4 X,SVW6461BEV,BEV,4,162.0,555.0,83.0,NCM-H,175.0,2120.0,127,1026.0,260,95.0,91,50.0,95,101,437,194.0,214,262,19.0,179.0,11.0,207,26.0,194.0,4.0,16.0,17.0,625,248.0,3187.0,162.0,381,31.0,,147,331,8737.0,CN,30,3,37.746,94.122,Large
大众,大众ID.4 X,SVW6461DEV,BEV,4,140.0,425.0,52.8,NCM-M,155.0,1960.0,38,299.0,87,31.0,37,8.0,23,44,101,80.0,59,80,9.0,72.0,3.0,37,5.0,60.0,2.0,8.0,4.0,245,98.0,1192.0,44.0,113,11.0,,46,90,2926.0,CN,30,2,32.620000000000005,81.34,Large
大众,大众ID.6 Crozz,FV6498BBDBEV,BEV,5,144.0,601.0,84.8,NCM-H,165.0,2290.0,68,1347.0,178,35.0,209,9.0,26,38,1212,142.0,113,107,10.0,36.0,1362.0,50,14.0,145.0,2.0,5.0,2.0,922,158.0,627.0,92.0,226,15.0,,127,357,7634.0,CN,30,3,33.552,83.66399999999999,Executive
大众,大众ID.6 X,SVW6492BEV,BEV,5,155.0,588.0,83.4,NCM-H,175.0,2280.0,37,698.0,123,24.0,34,33.0,39,26,86,63.0,47,77,7.0,72.0,2.0,49,14.0,28.0,4.0,12.0,5.0,260,71.0,874.0,59.0,111,10.0,,55,107,3027.0,CN,30,3,36.115,90.05499999999999,Executive
东风,风神EX1,EQ7000FD2F3BEV,BEV,1,93.0,201.0,17.3845,LFP,110.0,872.0,99,42.0,160,28.0,25,36.0,91,14,317,339.0,67,59,2.0,37.0,1.0,54,30.0,13.0,35.0,3.0,,212,80.0,1.0,69.0,138,17.0,,41,64,2074.0,CN,30,0,21.669,54.033,Mini
丰田,bZ3,TV7002BEV,BEV,4,110.0,517.0,49.92,LFP,146.39,1710.0,135,578.0,181,112.0,799,6.0,47,44,298,67.0,173,59,34.0,35.0,39.0,152,128.0,174.0,6.0,5.0,13.0,815,265.0,261.0,983.0,1198,96.0,4.0,78,533,7318.0,CN,30,0,25.63,63.910000000000004,Large
丰田,bZ3,TV7002BEVP,BEV,4,120.0,616.0,65.28,LFP,148.7,1835.0,127,535.0,152,93.0,716,9.0,55,35,214,61.0,149,65,29.0,45.0,44.0,125,118.0,152.0,11.0,3.0,18.0,753,172.0,224.0,892.0,1009,100.0,5.0,77,436,6424.0,CN,30,0,27.959999999999997,69.72,Large
丰田,一汽丰田bZ4X,TV6470BEVFF,BEV,4,116.0,615.0,66.7,NCM-M,155.48,1870.0,22,386.0,62,9.0,379,8.0,41,21,213,56.0,26,90,19.0,50.0,25.0,34,21.0,30.0,9.0,4.0,1.0,116,43.0,190.0,54.0,330,20.0,1.0,54,264,2578.0,CN,30,2,27.028000000000002,67.396,Large
风神,风神E70,DFM7002G1F7BEV,BEV,3,132.0,412.0,50.5771,LFP,125.0,1537.0,137,,175,58.0,249,,255,161,14,4289.0,19,73,1.0,190.0,,151,367.0,42.0,64.0,14.0,5.0,1039,52.0,52.0,264.0,50,,,448,293,8462.0,CN,30,0,30.756,76.69200000000001,Medium
风神,风神E70,DFM7002G1F9BEV,BEV,3,132.0,412.0,49.2268,LFP,140.0,1537.0,74,2.0,174,56.0,300,1.0,183,106,12,2794.0,13,42,,172.0,,64,210.0,32.0,54.0,8.0,6.0,684,48.0,54.0,171.0,50,,,332,196,5838.0,CN,30,0,30.756,76.69200000000001,Medium
风神,风神EX1,EQ7000FD2F2BEV,BEV,1,96.0,321.0,30.358,NCM-M,148.0,921.0,74,24.0,63,16.0,11,21.0,74,7,191,194.0,47,31,1.0,34.0,1.0,30,18.0,19.0,8.0,2.0,2.0,141,48.0,1.0,31.0,102,11.0,,22,40,1264.0,CN,30,2,22.368000000000002,55.776,Mini
合创,合创Z03,GAM6460BEVM0E,BEV,3,135.0,510.0,63.983,LFP,143.0,1740.0,251,25.0,358,61.0,836,,100,282,140,119.0,151,208,1.0,26.0,4.0,50,9.0,99.0,,,28.0,328,32.0,161.0,23.0,190,,11.0,32,469,3994.0,CN,30,0,31.455000000000002,78.435,Medium
红旗,红旗E-QM5,CA7000H0EV,BEV,5,135.0,431.0,54.956,LFP,140.0,1810.0,83,1032.0,183,90.0,515,,20,199,216,176.0,146,16,13.0,96.0,13394.0,238,31.0,67.0,38.0,30.0,82.0,789,176.0,137.0,322.0,129,22.0,18.0,544,331,19133.0,CN,30,0,31.455000000000002,78.435,Executive
红旗,红旗E-QM5,CA7000H0EVD,BEV,5,135.0,445.0,54.4,LFP,140.0,1810.0,89,587.0,65,57.0,358,3.0,24,149,159,113.0,82,24,7.0,62.0,7860.0,104,25.0,38.0,37.0,19.0,54.0,407,103.0,74.0,217.0,73,22.0,7.0,417,106,11342.0,CN,30,0,31.455000000000002,78.435,Executive
红旗,红旗E-QM5,CA7000H0EVE,BEV,5,132.0,620.0,81.7,NCM-H,172.0,1900.0,35,412.0,35,46.0,247,3.0,10,101,78,110.0,86,9,13.0,45.0,5066.0,74,24.0,31.0,17.0,11.0,34.0,293,81.0,60.0,125.0,64,9.0,10.0,249,86,7464.0,CN,30,3,30.756,76.69200000000001,Executive
红旗,红旗E-QM5,CA7000H0SEV,BEV,5,135.0,431.0,56.0,NCM-M,160.0,1800.0,39,541.0,60,75.0,307,1.0,9,119,91,127.0,71,12,9.0,48.0,8751.0,79,20.0,35.0,35.0,17.0,35.0,367,98.0,88.0,175.0,55,14.0,20.0,301,107,11706.0,CN,30,2,31.455000000000002,78.435,Executive
吉利,帝豪EC7,HQ7002BEV77,BEV,3,136.0,421.0,52.8,NCM-M,160.35,1535.0,98,,134,106.0,45,6.0,10,109,22,284.0,22,1,5.0,90.0,1.0,247,18.0,108.0,2.0,,15.0,222,47.0,3.0,488.0,12,3.0,,36,1252,3386.0,CN,30,2,31.688000000000002,79.016,Medium
吉利,帝豪EC7,MR7002BEV30,BEV,3,138.0,430.0,51.8,LFP,141.0,1575.0,111,1.0,158,178.0,92,7.0,8,121,49,393.0,22,6,10.0,160.0,2.0,276,15.0,89.0,3.0,,18.0,272,107.0,7.0,580.0,11,4.0,1.0,59,934,3694.0,CN,30,0,32.154,80.17800000000001,Medium
吉利,熊猫mini,JL7007BEV02,BEV,1,98.0,200.0,17.03,LFP,120.74,788.0,696,649.0,734,356.0,563,169.0,657,357,1963,498.0,1157,346,102.0,398.0,132.0,262,337.0,465.0,318.0,159.0,24.0,918,873.0,152.0,725.0,1020,129.0,13.0,480,976,15628.0,CN,30,0,22.834,56.938,Mini
吉利,熊猫mini,JL7007BEV04,BEV,1,98.0,200.0,17.03,LFP,120.74,797.0,216,147.0,211,129.0,204,39.0,197,96,589,153.0,308,93,22.0,126.0,50.0,88,85.0,132.0,82.0,50.0,8.0,276,288.0,44.0,210.0,352,65.0,6.0,149,283,4698.0,CN,30,0,22.834,56.938,Mini
极氪,极氪001,MR7001BEV03,BEV,5,149.0,712.0,100.0,NCM-H,176.6,2225.0,177,338.0,419,120.0,377,5.0,163,104,228,396.0,59,94,5.0,214.0,31.0,334,139.0,101.0,,7.0,16.0,526,134.0,1411.0,267.0,137,19.0,,104,1075,7000.0,CN,30,3,34.717,86.569,Executive
极氪,极氪001,MR7001BEV04,BEV,5,173.0,526.0,86.0,NCM-H,170.21,2290.0,77,143.0,212,61.0,160,1.0,58,49,103,164.0,22,43,4.0,104.0,9.0,147,78.0,92.0,1.0,10.0,5.0,233,90.0,632.0,130.0,62,14.0,2.0,45,488,3239.0,CN,30,3,40.309,100.51299999999999,Executive
极氪,极氪001,MR7001BEV06,BEV,5,173.0,526.0,86.0,NCM-H,170.21,2270.0,180,328.0,385,118.0,411,4.0,132,92,206,351.0,60,79,8.0,270.0,22.0,300,139.0,179.0,3.0,12.0,29.0,500,164.0,1231.0,312.0,163,14.0,,96,1049,6837.0,CN,30,3,40.309,100.51299999999999,Executive
极氪,极氪001,MR7001BEV08,BEV,5,149.0,712.0,100.0,NCM-H,176.6,2225.0,181,432.0,428,121.0,402,4.0,162,90,212,395.0,61,113,6.0,270.0,18.0,379,158.0,119.0,1.0,6.0,23.0,628,174.0,1434.0,317.0,150,17.0,,87,1118,7506.0,CN,30,3,34.717,86.569,Executive
极氪,极氪001,MR7001BEV11,BEV,5,178.0,606.0,100.0,NCM-H,176.6,2340.0,162,491.0,426,128.0,541,5.0,190,110,232,415.0,71,108,4.0,257.0,32.0,404,178.0,145.0,2.0,8.0,17.0,580,204.0,1402.0,367.0,169,23.0,,112,1179,7962.0,CN,30,3,41.474,103.41799999999999,Executive
极氪,极氪009,MR6525BEV04,BEV,5,183.0,702.0,116.0,NCM-H,177.0,2830.0,175,783.0,315,175.0,765,11.0,211,152,335,357.0,91,253,14.0,192.0,49.0,385,151.0,156.0,5.0,18.0,6.0,809,295.0,1941.0,475.0,160,15.0,,119,1720,10133.0,CN,30,3,42.638999999999996,106.323,Executive
几何,几何A,HQ7002BEV67,BEV,3,133.0,430.0,53.0,NCM-M,160.28,1560.0,604,263.0,393,311.0,1245,47.0,109,431,293,121.0,438,170,17.0,113.0,25.0,588,268.0,157.0,6.0,23.0,33.0,1264,129.0,450.0,215.0,530,25.0,33.0,308,3673,12282.0,CN,30,2,30.989,77.27300000000001,Medium
几何,几何E,MR7003BEV03,BEV,2,115.0,401.0,39.4,LFP,130.0,1348.0,310,278.0,308,159.0,148,37.0,209,160,442,88.0,228,659,12.0,107.0,9.0,107,91.0,42.0,45.0,59.0,2.0,206,153.0,5.0,194.0,558,16.0,,175,467,5274.0,CN,30,0,26.795,66.815,Small
几何,几何E,MR7003BEV07,BEV,2,115.0,320.0,33.5,LFP,125.0,1290.0,129,105.0,114,64.0,76,12.0,104,57,199,43.0,93,273,7.0,36.0,2.0,34,27.0,13.0,22.0,13.0,,64,79.0,3.0,57.0,284,8.0,,45,157,2120.0,CN,30,0,26.795,66.815,Small
零跑,零跑C01,FZ7000BEVC01F,BEV,5,147.0,606.0,82.8463,LFP,129.56,2099.0,304,287.0,472,81.0,337,12.0,158,164,195,260.0,70,167,1.0,145.0,22.0,125,78.0,151.0,1.0,9.0,12.0,480,68.0,900.0,189.0,208,3.0,,148,587,5634.0,CN,30,0,34.251,85.407,Executive
零跑,零跑C11,FZ6480BEV06,BEV,5,166.0,510.0,78.54,LFP,140.08,2120.0,643,1035.0,818,235.0,751,18.0,298,202,532,680.0,134,1267,4.0,349.0,31.0,213,214.0,224.0,4.0,26.0,9.0,906,146.0,2562.0,310.0,456,4.0,2.0,194,1403,13670.0,CN,30,0,38.678000000000004,96.446,Executive
零跑,零跑T03,FZ7000BEV09,BEV,1,109.0,403.0,41.267,LFP,136.6,1190.0,349,164.0,236,53.0,205,16.0,294,55,555,175.0,62,148,1.0,109.0,14.0,160,78.0,15.0,1.0,6.0,,316,116.0,61.0,106.0,1019,,,37,711,5062.0,CN,30,0,25.397,63.329,Mini
零跑,零跑T03,FZ7000BEV11,BEV,1,112.0,403.0,41.267,LFP,130.21,1190.0,142,68.0,86,22.0,84,3.0,108,21,194,82.0,28,58,,24.0,1.0,57,25.0,11.0,1.0,3.0,,110,42.0,21.0,45.0,388,1.0,,8,220,1853.0,CN,30,0,26.096,65.072,Mini
哪吒,哪吒GT,THZ7000BEVS363,BEV,4,154.0,580.0,83.0676,NCM-H,180.0,1950.0,63,70.0,107,15.0,112,3.0,437,13,30,63.0,163,51,,32.0,11.0,74,23.0,11.0,3.0,5.0,,174,28.0,309.0,42.0,2155,1.0,,8,116,4119.0,CN,30,3,35.882,89.474,Large
哪吒,哪吒U,THZ6450BEVS30D,BEV,4,145.0,501.0,66.56,LFP,142.0,1765.0,43,79.0,57,5.0,31,1.0,285,114,14,27.0,159,59,,11.0,1.0,19,16.0,1.0,3.0,5.0,6.0,106,28.0,230.0,8.0,495,,1.0,39,224,2067.0,CN,30,0,33.785,84.24499999999999,Large
哪吒,哪吒U,THZ6450BEVS30F,BEV,4,145.0,401.0,59.58,NCM-H,172.0,1589.0,27,64.0,34,6.0,18,1.0,173,66,9,14.0,162,55,,5.0,1.0,11,8.0,4.0,1.0,9.0,7.0,78,19.0,196.0,2.0,261,,3.0,36,168,1438.0,CN,30,3,33.785,84.24499999999999,Large
哪吒,哪吒U,THZ6450BEVS30G,BEV,4,145.0,401.0,54.48,LFP,140.0,1660.0,39,81.0,61,9.0,26,3.0,244,83,13,31.0,224,95,,11.0,,8,11.0,7.0,6.0,14.0,8.0,106,43.0,193.0,6.0,401,,1.0,44,222,1990.0,CN,30,0,33.785,84.24499999999999,Large
哪吒,哪吒U,THZ6460BEVS301,BEV,4,145.0,401.0,54.34,NCM-M,160.0,1589.0,76,78.0,204,12.0,49,2.0,187,200,12,26.0,157,101,,11.0,,22,27.0,3.0,,3.0,14.0,459,52.0,188.0,7.0,323,,,63,375,2651.0,CN,30,2,33.785,84.24499999999999,Large
哪吒,哪吒V,THZ7000BEVS11J,BEV,1,118.0,401.0,44.0057,LFP,140.0,1194.0,74,120.0,67,15.0,7,2.0,389,16,82,402.0,26,58,,7.0,1.0,37,7.0,10.0,1.0,8.0,,27,13.0,6.0,24.0,1308,1.0,,5,63,2776.0,CN,30,0,27.494,68.55799999999999,Mini
欧拉,欧拉好猫,CC7000BJ01BBEV,BEV,3,133.0,401.0,49.5997,NCM-H,165.4,1438.0,319,167.0,469,72.0,188,42.0,496,247,882,304.0,273,412,,118.0,8.0,317,87.0,31.0,1.0,1.0,,466,148.0,1255.0,127.0,576,8.0,,112,639,7765.0,CN,30,3,30.989,77.27300000000001,Medium
欧拉,欧拉好猫,CC7000BJ01CBEV,BEV,3,130.0,401.0,48.0,LFP,141.3,1510.0,253,67.0,406,72.0,186,12.0,400,74,467,253.0,121,254,,104.0,1.0,264,69.0,28.0,,,,391,75.0,866.0,57.0,219,9.0,,69,425,5142.0,CN,30,0,30.290000000000003,75.53,Medium
欧拉,欧拉好猫,CC7000BJ01GBEV,BEV,3,138.0,401.0,51.4643,LFP,130.33,1555.0,558,176.0,665,101.0,248,29.0,775,186,873,344.0,256,734,,171.0,1.0,446,164.0,42.0,,,1.0,596,125.0,1683.0,92.0,446,9.0,,126,964,9811.0,CN,30,0,32.154,80.17800000000001,Medium
欧拉,欧拉闪电猫,CC7000BH00HABEV,BEV,4,132.0,555.0,68.1318,LFP,141.1,1930.0,102,144.0,297,38.0,139,19.0,208,188,275,144.0,69,234,1.0,81.0,4.0,160,42.0,32.0,1.0,,1.0,205,57.0,534.0,48.0,137,1.0,,69,245,3475.0,CN,30,0,30.756,76.69200000000001,Large
奇瑞,QQ冰淇淋,NEQ7000BEVJH11A,BEV,1,93.0,170.0,14.7033,LFP,113.0,743.0,463,29.0,77,75.0,46,9.0,97,69,704,82.0,339,30,3.0,117.0,19.0,62,24.0,187.0,98.0,8.0,,274,257.0,,97.0,232,17.0,,130,125,3670.0,CN,30,0,21.669,54.033,Mini
奇瑞,QQ冰淇淋,NEQ7000BEVJH11C,BEV,1,93.0,170.0,14.7033,LFP,114.0,743.0,291,24.0,45,42.0,23,9.0,48,35,402,56.0,171,13,1.0,61.0,5.0,33,21.0,101.0,51.0,9.0,,172,141.0,2.0,70.0,129,7.0,,67,83,2112.0,CN,30,0,21.669,54.033,Mini
奇瑞,QQ冰淇淋,NEQ7000BEVJH11F,BEV,1,88.0,120.0,9.8208,LFP,101.0,699.0,237,28.0,75,47.0,13,8.0,39,40,433,44.0,249,16,2.0,76.0,3.0,35,10.0,104.0,61.0,8.0,,179,147.0,,65.0,160,13.0,,90,61,2243.0,CN,30,0,20.503999999999998,51.128,Mini
奇瑞,蚂蚁,NEQ6460BEVS61D,BEV,4,150.0,510.0,70.0,NCM-M,160.1,1790.0,558,80.0,35,135.0,60,10.0,143,20,523,123.0,135,38,,56.0,4.0,170,11.0,16.0,56.0,5.0,,370,293.0,4.0,157.0,416,11.0,3.0,40,130,3602.0,CN,30,2,34.949999999999996,87.14999999999999,Large
启辰,启辰D60,DFL7000NA69BEV,BEV,3,125.0,420.0,45.198,LFP,125.0,1515.0,25,4.0,470,7.0,590,77.0,118,89,536,131.0,27,4,,54.0,,6,139.0,15.0,159.0,11.0,12.0,162,26.0,25.0,102.0,20,1.0,1.0,97,378,3286.0,CN,30,0,29.125,72.625,Medium
荣威,荣威Clever,CSA7001KBEV6,BEV,1,99.0,311.0,29.072,LFP,140.0,981.0,253,26.0,113,134.0,67,23.0,377,32,1120,60.0,397,83,12.0,73.0,42.0,77,99.0,53.0,73.0,70.0,1.0,562,381.0,25.0,125.0,188,25.0,2.0,117,287,4897.0,CN,30,0,23.067,57.519000000000005,Mini
荣威,荣威i6 MAX,CSA7001SBEV4,BEV,3,129.0,502.0,61.1,NCM-H,170.1,1575.0,57,182.0,7,104.0,21,2.0,22,44,4,6.0,16,2,,13.0,13.0,192,13.0,189.0,,,1.0,218,25.0,6047.0,,18,1.0,,2,553,7752.0,CN,30,3,30.057000000000002,74.949,Medium
思皓,思皓E10X,HFC7000WEV12,BEV,1,113.0,306.0,32.1575,LFP,141.07,1130.0,213,2.0,84,60.0,14,3.0,204,22,154,20.0,24,145,,13.0,1.0,24,,4.0,1.0,,,55,43.0,2.0,4.0,705,3.0,,11,35,1846.0,CN,30,0,26.329,65.653,Mini
特斯拉,特斯拉Model 3,TSL7000BEVAR6,BEV,4,125.0,556.0,64.635,LFP,126.0,1761.0,2732,4420.0,3034,1054.0,4034,308.0,1369,999,3617,3952.0,1329,787,238.0,3080.0,516.0,4333,1821.0,908.0,323.0,316.0,54.0,6507,1981.0,17459.0,4086.0,2474,594.0,1.0,1432,11979,85737.0,CN,30,0,29.125,72.625,Large
特斯拉,特斯拉Model 3,TSL7000BEVBA3,BEV,4,132.0,675.0,82.863,NCA,168.0,1836.0,113,273.0,133,39.0,206,20.0,64,63,162,157.0,59,25,16.0,135.0,35.0,199,61.0,39.0,24.0,13.0,1.0,249,110.0,793.0,176.0,112,36.0,,91,495,3899.0,CN,30,4,30.756,76.69200000000001,Large
特斯拉,特斯拉Model Y,TSL6480BEVAR2,BEV,4,127.0,545.0,60.0,LFP,126.0,1929.0,6538,17245.0,7105,3090.0,11185,1013.0,3041,2407,9914,10029.0,3759,2432,1128.0,6993.0,2454.0,9984,3809.0,4560.0,1335.0,916.0,61.0,15431,6603.0,44759.0,16207.0,6820,1864.0,11.0,3676,28102,232471.0,CN,30,0,29.591,73.787,Large
特斯拉,特斯拉Model Y,TSL6480BEVBA4,BEV,4,156.0,566.0,78.4,NCA,168.0,2010.0,185,540.0,187,70.0,313,34.0,83,66,270,272.0,111,69,41.0,197.0,100.0,271,128.0,132.0,58.0,39.0,,408,163.0,1286.0,422.0,209,76.0,,161,775,6666.0,CN,30,4,36.348,90.636,Large
特斯拉,特斯拉Model Y,TSL6480BEVBA5,BEV,4,136.0,640.0,78.4,NCA,168.0,1997.0,1329,4415.0,1298,543.0,2385,295.0,613,530,2172,2103.0,909,469,299.0,1332.0,640.0,2026,705.0,1193.0,382.0,222.0,8.0,3271,1481.0,8920.0,3449.0,1399,610.0,4.0,889,5253,49144.0,CN,30,4,31.688000000000002,79.016,Large
腾势,腾势D9,QCJ6520MBEV1,BEV,5,184.0,600.0,103.36,LFP,150.0,2785.0,68,591.0,107,52.0,120,15.0,58,40,112,85.0,21,125,16.0,77.0,18.0,57,27.0,36.0,13.0,16.0,1.0,232,51.0,853.0,149.0,38,7.0,,56,81,3122.0,CN,30,0,42.872,106.904,Executive
蔚来,蔚来EC6,HFC6483ECSEV6-W,BEV,4,173.0,605.0,70.0,NCM-M,135.65,2280.0,317,344.0,115,47.0,309,14.0,60,64,172,172.0,76,45,28.0,163.0,37.0,240,68.0,65.0,49.0,26.0,13.0,523,85.0,2010.0,313.0,81,7.0,,57,657,6157.0,CN,30,2,40.309,100.51299999999999,Large
蔚来,蔚来ES6,HFC6483ECSEV2-W,BEV,4,181.0,600.0,70.0,NCM-M,135.65,2310.0,1945,3359.0,698,265.0,1285,53.0,244,302,871,885.0,444,176,158.0,867.0,157.0,1318,343.0,339.0,226.0,112.0,37.0,2492,644.0,9423.0,1150.0,445,47.0,1.0,245,3553,32084.0,CN,30,2,42.173,105.161,Large
蔚来,蔚来ES7,HFC6494ECSEV1-W,BEV,5,191.0,575.0,100.0,NCM-H,185.44,2400.0,133,491.0,78,90.0,195,13.0,20,44,131,101.0,59,36,21.0,103.0,42.0,136,42.0,45.0,27.0,16.0,8.0,389,72.0,1002.0,211.0,59,7.0,2.0,27,289,3889.0,CN,30,3,44.503,110.971,Executive
蔚来,蔚来ES8,HFC6502ECSEV5-W,BEV,5,177.0,580.0,67.1553,NCM-M,135.08,2445.0,392,1140.0,201,86.0,635,16.0,95,69,244,232.0,112,25,54.0,217.0,53.0,260,65.0,101.0,62.0,34.0,14.0,681,223.0,2295.0,307.0,135,23.0,1.0,90,814,8676.0,CN,30,2,41.241,102.83699999999999,Executive
蔚来,蔚来ET5,HFC7003CSEV1-W,BEV,4,167.0,640.0,79.6824,NCM-H,185.44,2200.0,2184,2559.0,903,319.0,1573,71.0,320,432,1077,970.0,470,163,130.0,1031.0,236.0,1585,584.0,326.0,233.0,130.0,42.0,3252,578.0,11091.0,1267.0,550,82.0,4.0,413,4198,36773.0,CN,30,3,38.911,97.027,Large
蔚来,蔚来ET7,HFC7002CSEV1-W,BEV,5,160.0,705.0,79.794,NCM-H,185.44,2379.0,181,341.0,91,28.0,177,10.0,50,46,95,104.0,55,23,14.0,115.0,36.0,160,41.0,39.0,26.0,17.0,6.0,317,78.0,1034.0,144.0,50,11.0,1.0,22,300,3612.0,CN,30,3,37.28,92.96000000000001,Executive
问界,问界M5,SKE6480SBEVR,BEV,4,158.0,620.0,79.927,LFP,141.7,2235.0,89,443.0,528,105.0,153,16.0,84,91,132,298.0,24,114,9.0,142.0,14.0,147,84.0,35.0,41.0,40.0,4.0,277,45.0,1931.0,143.0,63,6.0,2.0,45,387,5492.0,CN,30,0,36.814,91.798,Large
五菱,宏光MINI,LZW7004EVB2DBD,BEV,1,93.0,170.0,14.7033,LFP,114.0,705.0,27,22.0,41,27.0,39,13.0,83,22,102,114.0,64,15,10.0,29.0,16.0,17,22.0,45.0,3.0,10.0,5.0,87,87.0,36.0,54.0,51,3.0,1.0,58,41,1144.0,CN,30,0,21.669,54.033,Mini
五菱,宏光MINI,LZW7004EVC1UBJ,BEV,1,90.0,200.0,16.74,LFP,112.0,772.0,111,91.0,157,90.0,165,49.0,533,60,386,461.0,241,27,22.0,135.0,48.0,115,59.0,155.0,12.0,36.0,23.0,401,367.0,84.0,166.0,169,13.0,7.0,245,212,4640.0,CN,30,0,20.97,52.29,Mini
五菱,宏光MINI,LZW7004EVJDAG,BEV,1,93.0,170.0,14.7033,NCM-L,110.0,705.0,14,36.0,29,9.0,24,10.0,56,7,69,183.0,114,8,3.0,33.0,18.0,11,10.0,32.0,1.0,4.0,2.0,79,88.0,15.0,40.0,43,8.0,,35,49,1030.0,CN,30,1,21.669,54.033,Mini
五菱,宏光MINI,LZW7004EVJDBB,BEV,1,88.0,120.0,9.8208,LFP,98.0,665.0,75,99.0,108,57.0,93,41.0,172,41,292,360.0,224,31,28.0,139.0,62.0,55,60.0,142.0,12.0,31.0,24.0,272,321.0,55.0,110.0,173,18.0,7.0,163,110,3375.0,CN,30,0,20.503999999999998,51.128,Mini
五菱,宏光MINI,LZW7004EVJDBD,BEV,1,93.0,170.0,14.7033,LFP,114.0,705.0,72,84.0,110,52.0,143,27.0,278,41,267,390.0,188,31,21.0,116.0,51.0,41,64.0,146.0,9.0,20.0,12.0,291,275.0,67.0,111.0,111,19.0,4.0,188,146,3375.0,CN,30,0,21.669,54.033,Mini
五菱,宏光MINI,LZW7004EVJDJ,BEV,1,88.0,120.0,9.0,NCM-L,100.0,665.0,72,116.0,93,48.0,116,24.0,190,46,271,497.0,222,37,20.0,144.0,87.0,77,52.0,104.0,29.0,19.0,13.0,253,248.0,48.0,122.0,99,31.0,6.0,162,137,3383.0,CN,30,1,20.503999999999998,51.128,Mini
五菱,宏光MINI,LZW7004EVJEAMA,BEV,1,93.0,170.0,14.7033,LFP,117.0,700.0,31,20.0,46,15.0,28,5.0,50,15,45,98.0,83,6,4.0,34.0,17.0,17,13.0,58.0,7.0,7.0,4.0,86,45.0,8.0,40.0,52,12.0,1.0,55,36,938.0,CN,30,0,21.669,54.033,Mini
五菱,宏光MINI,LZW7004EVPCBC,BEV,1,93.0,170.0,14.7033,LFP,120.0,705.0,121,90.0,171,88.0,158,46.0,316,53,367,522.0,282,51,29.0,127.0,55.0,80,69.0,171.0,16.0,57.0,15.0,355,289.0,76.0,159.0,168,21.0,15.0,230,201,4398.0,CN,30,0,21.669,54.033,Mini
五菱,宏光MINI,LZW7004EVPCBH,BEV,1,88.0,120.0,9.8208,LFP,106.0,665.0,131,182.0,191,65.0,134,67.0,288,104,572,756.0,398,58,52.0,211.0,80.0,107,107.0,252.0,29.0,45.0,33.0,537,551.0,83.0,228.0,304,27.0,10.0,335,218,6155.0,CN,30,0,20.503999999999998,51.128,Mini
五菱,宏光MINI,LZW7004EVPDBB,BEV,1,88.0,120.0,9.8208,LFP,98.0,665.0,57,81.0,79,27.0,60,33.0,106,25,305,278.0,184,21,31.0,101.0,32.0,40,32.0,142.0,18.0,14.0,21.0,252,242.0,35.0,89.0,201,13.0,9.0,165,90,2783.0,CN,30,0,20.503999999999998,51.128,Mini
五菱,宏光MINI,LZW7004EVPHAM,BEV,1,93.0,170.0,14.7033,LFP,115.0,700.0,40,23.0,58,22.0,44,15.0,99,21,107,142.0,83,32,4.0,41.0,9.0,27,23.0,68.0,5.0,10.0,3.0,108,92.0,8.0,43.0,48,14.0,3.0,81,55,1328.0,CN,30,0,21.669,54.033,Mini
五菱,宏光MINI,LZW7004EVPKAK,BEV,1,88.0,120.0,9.8208,LFP,109.0,665.0,26,52.0,38,22.0,44,12.0,86,30,141,215.0,120,13,21.0,68.0,33.0,28,22.0,120.0,5.0,16.0,14.0,145,148.0,20.0,71.0,90,16.0,5.0,114,72,1807.0,CN,30,0,20.503999999999998,51.128,Mini
五菱,宏光MINI,LZW7004EVPKAM,BEV,1,93.0,170.0,14.7033,LFP,112.0,700.0,67,68.0,144,31.0,99,23.0,145,48,223,286.0,174,32,17.0,117.0,49.0,43,39.0,115.0,11.0,26.0,18.0,199,211.0,28.0,118.0,99,27.0,2.0,150,111,2720.0,CN,30,0,21.669,54.033,Mini
五菱,五菱缤果,LZW7007EVB3KAB,BEV,2,118.0,312.0,34.2389,LFP,130.0,1120.0,910,374.0,1167,742.0,1247,238.0,3700,618,2234,2636.0,1521,1059,345.0,1033.0,218.0,705,394.0,582.0,91.0,181.0,203.0,2031,1119.0,261.0,1082.0,2144,269.0,69.0,1010,1373,29556.0,CN,30,0,27.494,68.55799999999999,Small
五菱,五菱晴空,LZW7005EVC2MBM,BEV,1,103.0,300.0,28.737,LFP,130.0,888.0,41,36.0,29,32.0,82,10.0,312,19,116,119.0,36,15,11.0,29.0,9.0,59,35.0,47.0,1.0,3.0,4.0,80,58.0,34.0,52.0,60,8.0,1.0,30,55,1423.0,CN,30,0,23.999,59.842999999999996,Mini
小鹏,小鹏G9,NHQ6490BEVGH,BEV,5,152.0,702.0,98.0,NCM-M,160.0,2205.0,125,863.0,422,109.0,1853,18.0,101,127,149,428.0,52,181,27.0,249.0,9.0,169,114.0,45.0,30.0,9.0,24.0,746,122.0,1296.0,308.0,141,12.0,,108,602,8439.0,CN,30,2,35.416,88.312,Executive
小鹏,小鹏P5,NHQ7000BEVDG,BEV,4,134.0,460.0,57.3252,LFP,135.0,1734.0,174,627.0,362,107.0,2203,11.0,69,108,125,396.0,107,295,24.0,188.0,170.0,252,64.0,77.0,22.0,11.0,26.0,456,107.0,1024.0,355.0,261,11.0,,210,655,8497.0,CN,30,0,31.222,77.854,Large
小鹏,小鹏P7,NHQ7000BEVEE,BEV,5,139.0,480.0,61.6032,LFP,126.0,1895.0,210,611.0,595,89.0,1967,17.0,107,115,182,485.0,107,218,16.0,294.0,20.0,265,110.0,31.0,25.0,23.0,42.0,804,109.0,1159.0,239.0,500,7.0,,170,878,9395.0,CN,30,0,32.387,80.759,Executive
小鹏,小鹏P7,NHQ7000BEVEH,BEV,5,133.0,625.0,77.3063,NCM-M,160.0,1915.0,176,755.0,527,92.0,2181,24.0,132,110,208,478.0,107,216,19.0,283.0,44.0,276,114.0,39.0,33.0,20.0,42.0,927,137.0,1311.0,310.0,524,4.0,,168,914,10171.0,CN,30,2,30.989,77.27300000000001,Executive
雪佛兰,畅巡,SGM7007LBBEV,BEV,3,126.0,518.0,60.6992,NCM-M,163.0,1620.0,218,908.0,18,3.0,202,,21,70,74,8.0,11,9,2.0,,,336,101.0,,,,47.0,158,150.0,992.0,,54,1.0,1.0,1,43,3428.0,CN,30,2,29.358,73.206,Medium
长安,奔奔,SC7001ABHBEV,BEV,1,106.0,310.0,31.713,LFP,133.0,1160.0,30,104.0,365,9.0,41,8.0,58,6,317,8.0,105,20,1.0,6.0,11.0,21,6.0,7.0,9.0,2.0,,57,112.0,1.0,18.0,188,23.0,1.0,19,110,1663.0,CN,30,0,24.698,61.586,Mini
长安,长安LUMIN,SC7001FALBEV,BEV,1,93.0,155.0,12.92,LFP,115.0,805.0,63,9.0,59,12.0,7,2.0,35,7,249,15.0,80,10,3.0,13.0,1.0,12,9.0,4.0,2.0,4.0,,27,38.0,7.0,16.0,59,3.0,,22,41,809.0,CN,30,0,21.669,54.033,Mini
长安,长安LUMIN,SC7001FAMBEV,BEV,1,97.0,210.0,18.9441,LFP,125.0,840.0,1579,282.0,1520,341.0,230,86.0,1128,278,5465,392.0,1678,231,73.0,422.0,87.0,362,287.0,107.0,83.0,93.0,23.0,726,729.0,132.0,294.0,1078,93.0,4.0,599,695,19097.0,CN,30,0,22.601,56.357,Mini
长安,长安LUMIN,SC7001FAQBEV,BEV,1,107.0,301.0,29.9525,LFP,140.0,922.0,58,9.0,85,16.0,13,5.0,97,18,231,20.0,58,10,1.0,12.0,4.0,18,24.0,4.0,1.0,11.0,,28,33.0,12.0,14.0,41,6.0,1.0,24,30,884.0,CN,30,0,24.931,62.167,Mini
长安,长安深蓝SL03,SC7006AABBEV,BEV,4,123.0,515.0,58.9109,NCM-H,171.0,1725.0,189,362.0,1107,135.0,86,11.0,94,107,153,165.0,41,171,11.0,128.0,6.0,131,65.0,60.0,7.0,29.0,12.0,219,54.0,1513.0,77.0,107,18.0,,99,184,5341.0,CN,30,3,28.659,71.463,Large
智己,智己LS7,CSA6501LBEV2,BEV,5,175.0,625.0,100.0,NCM-H,195.0,2630.0,42,236.0,227,53.0,91,6.0,13,47,85,62.0,42,45,5.0,92.0,2.0,215,58.0,20.0,3.0,33.0,2.0,286,76.0,1620.0,112.0,53,4.0,,78,165,3773.0,CN,30,3,40.775,101.675,Executive
